{"name":"fb5d4084-9ce7-4d26-82b3-7697d0ecbc69","id":"/providers/Microsoft.Flow/flows/fb5d4084-9ce7-4d26-82b3-7697d0ecbc69","type":"Microsoft.Flow/flows","properties":{"apiId":"/providers/Microsoft.PowerApps/apis/shared_logicflows","displayName":"Bootstrap - ExportToExcel","definition":{"metadata":{"workflowEntityId":null,"processAdvisorMetadata":null,"flowChargedByPaygo":null,"flowclientsuspensionreason":"None","flowclientsuspensiontime":null,"flowclientsuspensionreasondetails":null,"creator":{"id":"4297a40f-0131-43a8-b683-2ef80e4589fa","type":"User","tenantId":"a7f35688-9c00-4d5e-ba41-29f146377ab0"},"provisioningMethod":"FromDefinition","failureAlertSubscription":true,"clientLastModifiedTime":"2025-08-07T09:35:05.2914035Z","connectionKeySavedTimeKey":"2025-08-07T09:35:05.2914035Z","creationSource":null,"modifiedSources":"Portal"},"$schema":"https://schema.management.azure.com/providers/Microsoft.Logic/schemas/2016-06-01/workflowdefinition.json#","contentVersion":"1.0.0.0","parameters":{"$authentication":{"defaultValue":{},"type":"SecureObject"},"$connections":{"defaultValue":{},"type":"Object"}},"triggers":{"manual":{"metadata":{"operationMetadataId":"33da114e-1902-4c97-8a6a-a50a670bed93"},"type":"Request","kind":"PowerAppV2","inputs":{"schema":{"type":"object","properties":{"text":{"title":"JSONInput","type":"string","x-ms-dynamically-added":true,"description":"Please enter your input","x-ms-content-hint":"TEXT"},"email":{"description":"Enter an email address.","format":"email","title":"Email","type":"string","x-ms-content-hint":"EMAIL","x-ms-dynamically-added":true}},"required":["text","email"]}}}},"actions":{"Initialize_variable":{"runAfter":{},"metadata":{"operationMetadataId":"114faa27-ea5b-41d3-9451-7f80139290d8"},"type":"InitializeVariable","inputs":{"variables":[{"name":"varJSON","type":"string","value":"@triggerBody()['text']"}]}},"Parse_JSON":{"runAfter":{"Initialize_variable":["Succeeded","Failed"]},"metadata":{"operationMetadataId":"bd029228-f1d2-495b-8579-07f1af67d42b"},"type":"ParseJson","inputs":{"content":"@variables('varJSON')","schema":{"type":"array","items":{"type":"object","properties":{"Author":{"type":"object","properties":{"Claims":{"type":"string"},"Department":{"type":"string"},"DisplayName":{"type":"string"},"Email":{"type":"string"},"JobTitle":{"type":"string"}}},"BGP_Loopback":{"type":"string"},"Bt_management_lo":{"type":"string"},"Created":{"type":"string"},"Editor":{"type":"object","properties":{"Claims":{"type":"string"},"Department":{"type":"string"},"DisplayName":{"type":"string"},"Email":{"type":"string"},"JobTitle":{"type":"string"}}},"HOSTNAME":{"type":"string"},"ID":{"type":"integer"},"MODEL":{"type":"string"},"Modified":{"type":"string"},"Primary_wan":{"type":"string"},"SDWAN_SITE_TYPE":{"type":"string"},"SITE_ID":{"type":"string"},"SITE_NAME":{"type":"string"},"SITE_TYPE":{"type":"string"},"SYS_INTF":{"type":"string"},"SYS_INTF_MODE":{"type":"string"},"SYS_INTF_ROLE":{"type":"string"},"Underlay_BGP":{"type":"string"},"{ContentType}":{"type":"object","properties":{"Id":{"type":"string"},"Name":{"type":"string"}}},"{FilenameWithExtension}":{"type":"string"},"{FullPath}":{"type":"string"},"{HasAttachments}":{"type":"boolean"},"{Identifier}":{"type":"string"},"{IsFolder}":{"type":"boolean"},"{Link}":{"type":"string"},"{Name}":{"type":"string"},"{Path}":{"type":"string"},"{Thumbnail}":{"type":"object","properties":{"Large":{},"Medium":{},"Small":{}}},"{VersionNumber}":{"type":"string"}},"required":["Author","BGP_Loopback","Bt_management_lo","Created","Editor","HOSTNAME","ID","MODEL","Modified","Primary_wan","SDWAN_SITE_TYPE","SITE_ID","SITE_NAME","SITE_TYPE","SYS_INTF","SYS_INTF_MODE","SYS_INTF_ROLE","Underlay_BGP","{ContentType}","{FilenameWithExtension}","{FullPath}","{HasAttachments}","{Identifier}","{IsFolder}","{Link}","{Name}","{Path}","{Thumbnail}","{VersionNumber}"]}}}},"Select":{"runAfter":{"Parse_JSON":["Succeeded"]},"metadata":{"operationMetadataId":"d02716f4-a386-40c6-947c-b3d70d55f7e2"},"type":"Select","inputs":{"from":"@body('Parse_JSON')","select":{"SITE_ID":"@item()?['SITE_ID']","SDWAN_SITE_TYPE":"@item()['SDWAN_SITE_TYPE']","MODEL":"@item()?['MODEL']","SITE_NAME":"@item()['SITE_NAME']","HOSTNAME":"@item()?['HOSTNAME']","SYS_INTF":"@item()?['SYS_INTF']","DESCRIPTION":"@item()?['DESCRIPTION']","SYS_INTF_MODE":"@item()?['SYS_INTF_MODE']","SYS_INTF_ROLE":"@item()?['SYS_INTF_ROLE']","NAME":"@item()?['Author']?['DisplayName']","BGP_LO_IP":"@item()['BGP_Loopback']","MGMT_LO_IP":"@item()['Bt_management_lo']","PRI_WAN_PE_IP":"@item()['Primary_wan']","UNDERLAY_BGP_AS":"@item()['Underlay_BGP']","USERNAME":"password"}}},"Send_an_HTTP_request_to_SharePoint":{"runAfter":{"Compose_Excel_file_name":["Succeeded"]},"metadata":{"operationMetadataId":"32b09dd9-ff9b-44ba-aae0-d9bd73be63a9"},"type":"OpenApiConnection","inputs":{"parameters":{"dataset":"https://btgroupcloud.sharepoint.com/teams/Nationwidei2","parameters/method":"POST","parameters/uri":"_api/web/GetFolderByServerRelativeUrl('Shared%20Documents%2Fi2%20T%20%26%20T%2FDesign%20Documents%20i2%2FDesign%20Documents%2FAutomation%2FNW%20Version%2FBootstrap_Data_Source')/Files/add(url='@{outputs('Compose_Excel_file_name')}',overwrite=true)"},"host":{"apiId":"/providers/Microsoft.PowerApps/apis/shared_sharepointonline","connectionName":"shared_sharepointonline","operationId":"HttpRequest"},"authentication":{"value":"@json(decodeBase64(triggerOutputs().headers['X-MS-APIM-Tokens']))['$ConnectionKey']","type":"Raw"}}},"Compose_Excel_file_name":{"runAfter":{"Select":["Succeeded"]},"metadata":{"operationMetadataId":"7171289d-da42-408d-a715-5600a25b9a11"},"type":"Compose","inputs":"Bootstrap_Data_Source_@{formatDateTime(utcNow(),'yyyy-MM-dd_hhmmss')}.xlsx"},"Create_table":{"runAfter":{"Create_worksheet-site":["Succeeded"]},"metadata":{"01CJA44C5HGISNIWXCYJCI2SI7RBYBDRLW":"/i2 T & T/Design Documents i2/Design Documents/Automation/NW Version/ExcelFile_2024-12-09_105520.xlsx","tableId":null,"operationMetadataId":"619a3e19-d1df-4d3d-b8e7-d3e95787aa6f"},"type":"OpenApiConnection","inputs":{"parameters":{"source":"sites/btgroupcloud.sharepoint.com,949b9aff-001f-4c8b-90c3-78aec5b62406,6627d6df-1e69-4db6-9606-ef478e79e819","drive":"b!_5qblB8Ai0yQw3iuxbYkBt_WJ2ZpHrZNlgbvR4556BmeZANcSfFSQbF3vDT5I6hq","file":"@body('Send_an_HTTP_request_to_SharePoint')['d']['UniqueId']","table/Range":"'@{outputs('Create_worksheet-site')?['body/name']}'!A1:C1","table/TableName":"excelTable","table/ColumnsNames":"SITE_ID,SITE_NAME,HOSTNAME"},"host":{"apiId":"/providers/Microsoft.PowerApps/apis/shared_excelonlinebusiness","connectionName":"shared_excelonlinebusiness","operationId":"CreateTable"},"authentication":{"value":"@json(decodeBase64(triggerOutputs().headers['X-MS-APIM-Tokens']))['$ConnectionKey']","type":"Raw"}}},"Apply_to_each":{"foreach":"@body('Select')","actions":{"Add_a_row_into_a_table":{"metadata":{"operationMetadataId":"20fd7d85-a1eb-4900-9f98-b19075749cc0","tableId":"excelTable"},"type":"OpenApiConnection","inputs":{"parameters":{"source":"sites/btgroupcloud.sharepoint.com,949b9aff-001f-4c8b-90c3-78aec5b62406,6627d6df-1e69-4db6-9606-ef478e79e819","drive":"b!_5qblB8Ai0yQw3iuxbYkBt_WJ2ZpHrZNlgbvR4556BmeZANcSfFSQbF3vDT5I6hq","file":"@body('Send_an_HTTP_request_to_SharePoint')['d']['UniqueId']","table":"excelTable","item":{"SITE_ID":"@{item()?['SITE_ID']}","SITE_NAME":"@{item()?['SITE_NAME']}","HOSTNAME":"@{item()?['HOSTNAME']}"}},"host":{"apiId":"/providers/Microsoft.PowerApps/apis/shared_excelonlinebusiness","connectionName":"shared_excelonlinebusiness","operationId":"AddRowV2"},"authentication":{"value":"@json(decodeBase64(triggerOutputs().headers['X-MS-APIM-Tokens']))['$ConnectionKey']","type":"Raw"}}}},"runAfter":{"Create_table":["Succeeded"]},"metadata":{"operationMetadataId":"33798efa-a3c0-475c-aedc-5bcbdb171b74"},"type":"Foreach","runtimeConfiguration":{"concurrency":{"repetitions":50}}},"Create_CSV_table":{"runAfter":{"Send_an_HTTP_request_to_SharePoint":["Succeeded"]},"metadata":{"operationMetadataId":"7177940b-7b2f-42d8-901c-6f50abdebdf7"},"type":"Table","inputs":{"from":"@body('Select')","format":"CSV"}},"Create_worksheet-site":{"runAfter":{"Create_CSV_table":["Succeeded"]},"metadata":{"operationMetadataId":"1940591f-8d34-4252-98cb-5e718f2fe6ca","tableId":null},"type":"OpenApiConnection","inputs":{"parameters":{"source":"sites/btgroupcloud.sharepoint.com,949b9aff-001f-4c8b-90c3-78aec5b62406,6627d6df-1e69-4db6-9606-ef478e79e819","drive":"b!_5qblB8Ai0yQw3iuxbYkBt_WJ2ZpHrZNlgbvR4556BmeZANcSfFSQbF3vDT5I6hq","file":"@body('Send_an_HTTP_request_to_SharePoint')['d']['UniqueId']","body/name":"sites"},"host":{"apiId":"/providers/Microsoft.PowerApps/apis/shared_excelonlinebusiness","connectionName":"shared_excelonlinebusiness","operationId":"CreateWorksheet"},"authentication":{"value":"@json(decodeBase64(triggerOutputs().headers['X-MS-APIM-Tokens']))['$ConnectionKey']","type":"Raw"}}},"Create_worksheet-sdwan":{"runAfter":{"Create_CSV_table":["Succeeded"]},"metadata":{"operationMetadataId":"1940591f-8d34-4252-98cb-5e718f2fe6ca","tableId":null},"type":"OpenApiConnection","inputs":{"parameters":{"source":"sites/btgroupcloud.sharepoint.com,949b9aff-001f-4c8b-90c3-78aec5b62406,6627d6df-1e69-4db6-9606-ef478e79e819","drive":"b!_5qblB8Ai0yQw3iuxbYkBt_WJ2ZpHrZNlgbvR4556BmeZANcSfFSQbF3vDT5I6hq","file":"@body('Send_an_HTTP_request_to_SharePoint')['d']['UniqueId']","body/name":"sdwan"},"host":{"apiId":"/providers/Microsoft.PowerApps/apis/shared_excelonlinebusiness","connectionName":"shared_excelonlinebusiness","operationId":"CreateWorksheet"},"authentication":{"value":"@json(decodeBase64(triggerOutputs().headers['X-MS-APIM-Tokens']))['$ConnectionKey']","type":"Raw"}}},"Create_table2":{"runAfter":{"Create_worksheet-sdwan":["Succeeded"]},"metadata":{"01CJA44C5HGISNIWXCYJCI2SI7RBYBDRLW":"/i2 T & T/Design Documents i2/Design Documents/Automation/NW Version/ExcelFile_2024-12-09_105520.xlsx","tableId":null,"operationMetadataId":"619a3e19-d1df-4d3d-b8e7-d3e95787aa6f"},"type":"OpenApiConnection","inputs":{"parameters":{"source":"sites/btgroupcloud.sharepoint.com,949b9aff-001f-4c8b-90c3-78aec5b62406,6627d6df-1e69-4db6-9606-ef478e79e819","drive":"b!_5qblB8Ai0yQw3iuxbYkBt_WJ2ZpHrZNlgbvR4556BmeZANcSfFSQbF3vDT5I6hq","file":"@body('Send_an_HTTP_request_to_SharePoint')['d']['UniqueId']","table/Range":"'@{outputs('Create_worksheet-sdwan')?['body/name']}'!A1:P1","table/TableName":"excelTable2","table/ColumnsNames":"@first(split(body('Create_CSV_table'), decodeUriComponent('%0A')))"},"host":{"apiId":"/providers/Microsoft.PowerApps/apis/shared_excelonlinebusiness","connectionName":"shared_excelonlinebusiness","operationId":"CreateTable"},"authentication":{"value":"@json(decodeBase64(triggerOutputs().headers['X-MS-APIM-Tokens']))['$ConnectionKey']","type":"Raw"}}},"Create_HTML_table":{"runAfter":{"Create_CSV_table":["Succeeded"]},"metadata":{"operationMetadataId":"7e761146-cfcb-40da-a134-41c37965f9cd"},"type":"Table","inputs":{"from":"@body('Parse_JSON')","format":"HTML"}},"For_each-copy":{"foreach":"@body('Select')","actions":{"Add_a_row_into_a_table2_1":{"metadata":{"operationMetadataId":"20fd7d85-a1eb-4900-9f98-b19075749cc0","tableId":"excelTable2"},"type":"OpenApiConnection","inputs":{"parameters":{"source":"sites/btgroupcloud.sharepoint.com,949b9aff-001f-4c8b-90c3-78aec5b62406,6627d6df-1e69-4db6-9606-ef478e79e819","drive":"b!_5qblB8Ai0yQw3iuxbYkBt_WJ2ZpHrZNlgbvR4556BmeZANcSfFSQbF3vDT5I6hq","file":"@body('Send_an_HTTP_request_to_SharePoint')['d']['UniqueId']","table":"excelTable2","item":"@items('For_each-copy')"},"host":{"apiId":"/providers/Microsoft.PowerApps/apis/shared_excelonlinebusiness","connectionName":"shared_excelonlinebusiness","operationId":"AddRowV2"},"authentication":{"value":"@json(decodeBase64(triggerOutputs().headers['X-MS-APIM-Tokens']))['$ConnectionKey']","type":"Raw"}}}},"runAfter":{"Create_table2":["Succeeded"]},"metadata":{"operationMetadataId":"b9503c0d-e50c-4aba-bb4f-4e81a61b1f29"},"type":"Foreach","runtimeConfiguration":{"concurrency":{"repetitions":50}}},"Send_an_email_(V2)":{"runAfter":{"Create_HTML_table":["Succeeded"]},"metadata":{"operationMetadataId":"668d0101-f605-45e0-8d84-9816f9d4fe94"},"type":"OpenApiConnection","inputs":{"parameters":{"emailMessage/To":"@triggerBody()?['email']","emailMessage/Subject":"Here is your Bootstrap File","emailMessage/Body":"<p class=\"editor-paragraph\">@{body('Create_HTML_table')}</p>","emailMessage/Attachments":[{"Name":"Bootstrap_Data_Source_@{formatDateTime(utcNow(),'yyyy-MM-dd_hhmmss')}.csv","ContentBytes":"@body('Create_CSV_table')"}],"emailMessage/Importance":"Normal"},"host":{"apiId":"/providers/Microsoft.PowerApps/apis/shared_office365","connectionName":"shared_office365","operationId":"SendEmailV2"},"authentication":{"value":"@json(decodeBase64(triggerOutputs().headers['X-MS-APIM-Tokens']))['$ConnectionKey']","type":"Raw"}}},"urlLink":{"runAfter":{"For_each-copy":["Succeeded"]},"metadata":{"operationMetadataId":"b3c82f21-88ed-43be-9f5e-ba7cf1ba9f63"},"type":"Compose","inputs":"https://btgroupcloud.sharepoint.com/:x:/r/teams/Nationwidei2/Shared%20Documents/i2%20T%20%26%20T/Design%20Documents%20i2/Design%20Documents/Automation/NW%20Version/Bootstrap_Data_Source/@{outputs('Compose_Excel_file_name')}?d=@{body('Send_an_HTTP_request_to_SharePoint')['d']['UniqueId']} "},"Respond_to_a_Power_App_or_flow":{"runAfter":{"urlLink":["Succeeded"]},"metadata":{"operationMetadataId":"7a2a462c-aacf-4564-a43b-1419d1444d99"},"type":"Response","kind":"PowerApp","inputs":{"schema":{"type":"object","properties":{"fileurl":{"title":"fileURL","x-ms-dynamically-added":true,"type":"string"}},"additionalProperties":{}},"statusCode":200,"body":{"fileurl":"@{outputs('urlLink')}?download=1"}}},"Run_script_1":{"runAfter":{"Apply_to_each":["Succeeded"]},"metadata":{"operationMetadataId":"b38238b7-ec24-4f43-bed6-c5c957dfd2f0","tableId":null},"type":"OpenApiConnection","inputs":{"parameters":{"source":"sites/btgroupcloud.sharepoint.com,949b9aff-001f-4c8b-90c3-78aec5b62406,6627d6df-1e69-4db6-9606-ef478e79e819","drive":"b!_5qblB8Ai0yQw3iuxbYkBt_WJ2ZpHrZNlgbvR4556BmeZANcSfFSQbF3vDT5I6hq","file":"@body('Send_an_HTTP_request_to_SharePoint')['d']['UniqueId']","scriptId":"ms-officescript%3A%2F%2Fonedrive_business_itemlink%2F01I43ODDD5E5ATCFC6JZB35WWXXJ5R6LYU"},"host":{"apiId":"/providers/Microsoft.PowerApps/apis/shared_excelonlinebusiness","connectionName":"shared_excelonlinebusiness","operationId":"RunScriptProd"},"authentication":{"value":"@json(decodeBase64(triggerOutputs().headers['X-MS-APIM-Tokens']))['$ConnectionKey']","type":"Raw"}}},"Send_an_email_(V2)_1":{"runAfter":{"Parse_JSON":["Failed"]},"metadata":{"operationMetadataId":"28a870bd-7f0c-46a5-8701-d5525d73d672"},"type":"OpenApiConnection","inputs":{"parameters":{"emailMessage/To":"@triggerBody()?['email']","emailMessage/Subject":"Your Bootstrap Failed..","emailMessage/Body":"<p class=\"editor-paragraph\">Error details from the Bootstrap action:<br><br>- Missing fields: @{join(outputs('Parse_JSON')?['errors'][0]['value'], ', ')}</p><br>","emailMessage/Importance":"Normal"},"host":{"apiId":"/providers/Microsoft.PowerApps/apis/shared_office365","connectionName":"shared_office365","operationId":"SendEmailV2"},"authentication":{"value":"@json(decodeBase64(triggerOutputs().headers['X-MS-APIM-Tokens']))['$ConnectionKey']","type":"Raw"}}}}},"connectionReferences":{"shared_sharepointonline":{"connectionName":"a2d6a6b7831e4cc099e26e96a8c86ca4","source":"Invoker","id":"/providers/Microsoft.PowerApps/apis/shared_sharepointonline","tier":"NotSpecified","apiName":"sharepointonline","isProcessSimpleApiReferenceConversionAlreadyDone":false},"shared_excelonlinebusiness":{"connectionName":"shared-excelonlinebu-3f7cd523-15cc-4cee-9643-993558998e76","source":"Invoker","id":"/providers/Microsoft.PowerApps/apis/shared_excelonlinebusiness","tier":"NotSpecified","apiName":"excelonlinebusiness","isProcessSimpleApiReferenceConversionAlreadyDone":false},"shared_office365":{"connectionName":"3b3752a6844f43cc8570b27113e3eed8","source":"Invoker","id":"/providers/Microsoft.PowerApps/apis/shared_office365","tier":"NotSpecified","apiName":"office365","isProcessSimpleApiReferenceConversionAlreadyDone":false}},"flowFailureAlertSubscribed":false,"isManaged":false}}